FIRST_NAME,LAST_NAME,COUNTRY,STREET,CITY,STATE,ZIP_CODE
FirstName00,LastName00,Country00,Street00,City00,State00,10000
FirstName01,LastName01,Country01,Street01,City01,State01,10000
FirstName02,LastName02,Country02,Street02,City02,State02,10000
FirstName03,LastName03,Country03,Street03,City03,State03,10000
FirstName04,LastName04,Country04,Street04,City04,State04,10000
FirstName05,LastName05,Country05,Street05,City05,State05,10000
FirstName06,LastName06,Country06,Street06,City06,State06,10000
FirstName07,LastName07,Country07,Street07,City07,State07,10000
FirstName08,LastName08,Country08,Street08,City08,State08,10000
FirstName09,LastName09,Country09,Street09,City09,State09,10000
FirstName10,LastName10,Country10,Street10,City10,State10,10000
FirstName11,LastName11,Country11,Street11,City11,State11,10000
FirstName12,LastName12,Country12,Street12,City12,State12,10000
FirstName13,LastName13,Country13,Street13,City13,State13,10000
FirstName14,LastName14,Country14,Street14,City14,State14,10000
FirstName15,LastName15,Country15,Street15,City15,State15,10000
FirstName16,LastName16,Country16,Street16,City16,State16,10000
FirstName17,LastName17,Country17,Street17,City17,State17,10000
FirstName18,LastName18,Country18,Street18,City18,State18,10000
FirstName19,LastName19,Country19,Street19,City19,State19,10000
FirstName20,LastName20,Country20,Street20,City20,State20,10000
FirstName21,LastName21,Country21,Street21,City21,State21,10000
FirstName22,LastName22,Country22,Street22,City22,State22,10000
FirstName23,LastName23,Country23,Street23,City23,State23,10000
FirstName24,LastName24,Country24,Street24,City24,State24,10000
FirstName25,LastName25,Country25,Street25,City25,State25,10000
FirstName26,LastName26,Country26,Street26,City26,State26,10000
FirstName27,LastName27,Country27,Street27,City27,State27,10000
FirstName28,LastName28,Country28,Street28,City28,State28,10000
FirstName29,LastName29,Country29,Street29,City29,State29,10000
FirstName30,LastName30,Country30,Street30,City30,State30,10000
FirstName31,LastName31,Country31,Street31,City31,State31,10000
FirstName32,LastName32,Country32,Street32,City32,State32,10000
FirstName33,LastName33,Country33,Street33,City33,State33,10000
FirstName34,LastName34,Country34,Street34,City34,State34,10000
FirstName35,LastName35,Country35,Street35,City35,State35,10000
FirstName36,LastName36,Country36,Street36,City36,State36,10000
FirstName37,LastName37,Country37,Street37,City37,State37,10000
FirstName38,LastName38,Country38,Street38,City38,State38,10000
FirstName39,LastName39,Country39,Street39,City39,State39,10000
FirstName40,LastName40,Country40,Street40,City40,State40,10000
FirstName41,LastName41,Country41,Street41,City41,State41,10000
FirstName42,LastName42,Country42,Street42,City42,State42,10000
FirstName43,LastName43,Country43,Street43,City43,State43,10000
FirstName44,LastName44,Country44,Street44,City44,State44,10000
FirstName45,LastName45,Country45,Street45,City45,State45,10000
FirstName46,LastName46,Country46,Street46,City46,State46,10000
FirstName47,LastName47,Country47,Street47,City47,State47,10000
FirstName48,LastName48,Country48,Street48,City48,State48,10000
FirstName49,LastName49,Country49,Street49,City49,State49,10000
FirstName50,LastName50,Country50,Street50,City50,State50,10000
FirstName51,LastName51,Country51,Street51,City51,State51,10000
FirstName52,LastName52,Country52,Street52,City52,State52,10000
FirstName53,LastName53,Country53,Street53,City53,State53,10000
FirstName54,LastName54,Country54,Street54,City54,State54,10000
FirstName55,LastName55,Country55,Street55,City55,State55,10000
FirstName56,LastName56,Country56,Street56,City56,State56,10000
FirstName57,LastName57,Country57,Street57,City57,State57,10000
FirstName58,LastName58,Country58,Street58,City58,State58,10000
FirstName59,LastName59,Country59,Street59,City59,State59,10000
FirstName60,LastName60,Country60,Street60,City60,State60,10000
FirstName61,LastName61,Country61,Street61,City61,State61,10000
FirstName62,LastName62,Country62,Street62,City62,State62,10000
FirstName63,LastName63,Country63,Street63,City63,State63,10000
FirstName64,LastName64,Country64,Street64,City64,State64,10000
FirstName65,LastName65,Country65,Street65,City65,State65,10000
FirstName66,LastName66,Country66,Street66,City66,State66,10000
FirstName67,LastName67,Country67,Street67,City67,State67,10000
FirstName68,LastName68,Country68,Street68,City68,State68,10000
FirstName69,LastName69,Country69,Street69,City69,State69,10000
FirstName70,LastName70,Country70,Street70,City70,State70,10000
FirstName71,LastName71,Country71,Street71,City71,State71,10000
FirstName72,LastName72,Country72,Street72,City72,State72,10000
FirstName73,LastName73,Country73,Street73,City73,State73,10000
FirstName74,LastName74,Country74,Street74,City74,State74,10000
FirstName75,LastName75,Country75,Street75,City75,State75,10000
FirstName76,LastName76,Country76,Street76,City76,State76,10000
FirstName77,LastName77,Country77,Street77,City77,State77,10000
FirstName78,LastName78,Country78,Street78,City78,State78,10000
FirstName79,LastName79,Country79,Street79,City79,State79,10000
FirstName80,LastName80,Country80,Street80,City80,State80,10000
FirstName81,LastName81,Country81,Street81,City81,State81,10000
FirstName82,LastName82,Country82,Street82,City82,State82,10000
FirstName83,LastName83,Country83,Street83,City83,State83,10000
FirstName84,LastName84,Country84,Street84,City84,State84,10000
FirstName85,LastName85,Country85,Street85,City85,State85,10000
FirstName86,LastName86,Country86,Street86,City86,State86,10000
FirstName87,LastName87,Country87,Street87,City87,State87,10000
FirstName88,LastName88,Country88,Street88,City88,State88,10000
FirstName89,LastName89,Country89,Street89,City89,State89,10000
FirstName90,LastName90,Country90,Street90,City90,State90,10000
FirstName91,LastName91,Country91,Street91,City91,State91,10000
FirstName92,LastName92,Country92,Street92,City92,State92,10000
FirstName93,LastName93,Country93,Street93,City93,State93,10000
FirstName94,LastName94,Country94,Street94,City94,State94,10000
FirstName95,LastName95,Country95,Street95,City95,State95,10000
FirstName96,LastName96,Country96,Street96,City96,State96,10000
FirstName97,LastName97,Country97,Street97,City97,State97,10000
FirstName98,LastName98,Country98,Street98,City98,State98,10000
FirstName99,LastName99,Country99,Street99,City99,State99,10000
FirstName100,LastName100,Country100,Street100,City100,State100,10000
FirstName101,LastName101,Country101,Street101,City101,State101,10000
FirstName102,LastName102,Country102,Street102,City102,State102,10000
FirstName103,LastName103,Country103,Street103,City103,State103,10000
FirstName104,LastName104,Country104,Street104,City104,State104,10000
FirstName105,LastName105,Country105,Street105,City105,State105,10000
FirstName106,LastName106,Country106,Street106,City106,State106,10000
FirstName107,LastName107,Country107,Street107,City107,State107,10000
FirstName108,LastName108,Country108,Street108,City108,State108,10000
FirstName109,LastName109,Country109,Street109,City109,State109,10000
FirstName110,LastName110,Country110,Street110,City110,State110,10000
FirstName111,LastName111,Country111,Street111,City111,State111,10000
FirstName112,LastName112,Country112,Street112,City112,State112,10000
FirstName113,LastName113,Country113,Street113,City113,State113,10000
FirstName114,LastName114,Country114,Street114,City114,State114,10000
FirstName115,LastName115,Country115,Street115,City115,State115,10000
FirstName116,LastName116,Country116,Street116,City116,State116,10000
FirstName117,LastName117,Country117,Street117,City117,State117,10000
FirstName118,LastName118,Country118,Street118,City118,State118,10000
FirstName119,LastName119,Country119,Street119,City119,State119,10000
FirstName120,LastName120,Country120,Street120,City120,State120,10000
FirstName121,LastName121,Country121,Street121,City121,State121,10000
FirstName122,LastName122,Country122,Street122,City122,State122,10000
FirstName123,LastName123,Country123,Street123,City123,State123,10000
FirstName124,LastName124,Country124,Street124,City124,State124,10000
FirstName125,LastName125,Country125,Street125,City125,State125,10000
FirstName126,LastName126,Country126,Street126,City126,State126,10000
FirstName127,LastName127,Country127,Street127,City127,State127,10000
FirstName128,LastName128,Country128,Street128,City128,State128,10000
FirstName129,LastName129,Country129,Street129,City129,State129,10000
FirstName130,LastName130,Country130,Street130,City130,State130,10000
FirstName131,LastName131,Country131,Street131,City131,State131,10000
FirstName132,LastName132,Country132,Street132,City132,State132,10000
FirstName133,LastName133,Country133,Street133,City133,State133,10000
FirstName134,LastName134,Country134,Street134,City134,State134,10000
FirstName135,LastName135,Country135,Street135,City135,State135,10000
FirstName136,LastName136,Country136,Street136,City136,State136,10000
FirstName137,LastName137,Country137,Street137,City137,State137,10000
FirstName138,LastName138,Country138,Street138,City138,State138,10000
FirstName139,LastName139,Country139,Street139,City139,State139,10000
FirstName140,LastName140,Country140,Street140,City140,State140,10000
FirstName141,LastName141,Country141,Street141,City141,State141,10000
FirstName142,LastName142,Country142,Street142,City142,State142,10000
FirstName143,LastName143,Country143,Street143,City143,State143,10000
FirstName144,LastName144,Country144,Street144,City144,State144,10000
FirstName145,LastName145,Country145,Street145,City145,State145,10000
FirstName146,LastName146,Country146,Street146,City146,State146,10000
FirstName147,LastName147,Country147,Street147,City147,State147,10000
FirstName148,LastName148,Country148,Street148,City148,State148,10000
FirstName149,LastName149,Country149,Street149,City149,State149,10000
FirstName150,LastName150,Country150,Street150,City150,State150,10000
FirstName151,LastName151,Country151,Street151,City151,State151,10000
FirstName152,LastName152,Country152,Street152,City152,State152,10000
FirstName153,LastName153,Country153,Street153,City153,State153,10000
FirstName154,LastName154,Country154,Street154,City154,State154,10000
FirstName155,LastName155,Country155,Street155,City155,State155,10000
FirstName156,LastName156,Country156,Street156,City156,State156,10000
FirstName157,LastName157,Country157,Street157,City157,State157,10000
FirstName158,LastName158,Country158,Street158,City158,State158,10000
FirstName159,LastName159,Country159,Street159,City159,State159,10000
FirstName160,LastName160,Country160,Street160,City160,State160,10000
FirstName161,LastName161,Country161,Street161,City161,State161,10000
FirstName162,LastName162,Country162,Street162,City162,State162,10000
FirstName163,LastName163,Country163,Street163,City163,State163,10000
FirstName164,LastName164,Country164,Street164,City164,State164,10000
FirstName165,LastName165,Country165,Street165,City165,State165,10000
FirstName166,LastName166,Country166,Street166,City166,State166,10000
FirstName167,LastName167,Country167,Street167,City167,State167,10000
FirstName168,LastName168,Country168,Street168,City168,State168,10000
FirstName169,LastName169,Country169,Street169,City169,State169,10000
FirstName170,LastName170,Country170,Street170,City170,State170,10000
FirstName171,LastName171,Country171,Street171,City171,State171,10000
FirstName172,LastName172,Country172,Street172,City172,State172,10000
FirstName173,LastName173,Country173,Street173,City173,State173,10000
FirstName174,LastName174,Country174,Street174,City174,State174,10000
FirstName175,LastName175,Country175,Street175,City175,State175,10000
FirstName176,LastName176,Country176,Street176,City176,State176,10000
FirstName177,LastName177,Country177,Street177,City177,State177,10000
FirstName178,LastName178,Country178,Street178,City178,State178,10000
FirstName179,LastName179,Country179,Street179,City179,State179,10000
FirstName180,LastName180,Country180,Street180,City180,State180,10000
FirstName181,LastName181,Country181,Street181,City181,State181,10000
FirstName182,LastName182,Country182,Street182,City182,State182,10000
FirstName183,LastName183,Country183,Street183,City183,State183,10000
FirstName184,LastName184,Country184,Street184,City184,State184,10000
FirstName185,LastName185,Country185,Street185,City185,State185,10000
FirstName186,LastName186,Country186,Street186,City186,State186,10000
FirstName187,LastName187,Country187,Street187,City187,State187,10000
FirstName188,LastName188,Country188,Street188,City188,State188,10000
FirstName189,LastName189,Country189,Street189,City189,State189,10000
FirstName190,LastName190,Country190,Street190,City190,State190,10000
FirstName191,LastName191,Country191,Street191,City191,State191,10000
FirstName192,LastName192,Country192,Street192,City192,State192,10000
FirstName193,LastName193,Country193,Street193,City193,State193,10000
FirstName194,LastName194,Country194,Street194,City194,State194,10000
FirstName195,LastName195,Country195,Street195,City195,State195,10000
FirstName196,LastName196,Country196,Street196,City196,State196,10000
FirstName197,LastName197,Country197,Street197,City197,State197,10000
FirstName198,LastName198,Country198,Street198,City198,State198,10000
FirstName199,LastName199,Country199,Street199,City199,State199,10000
FirstName200,LastName200,Country200,Street200,City200,State200,10000
FirstName201,LastName201,Country201,Street201,City201,State201,10000
FirstName202,LastName202,Country202,Street202,City202,State202,10000
FirstName203,LastName203,Country203,Street203,City203,State203,10000
FirstName204,LastName204,Country204,Street204,City204,State204,10000
FirstName205,LastName205,Country205,Street205,City205,State205,10000
FirstName206,LastName206,Country206,Street206,City206,State206,10000
FirstName207,LastName207,Country207,Street207,City207,State207,10000
FirstName208,LastName208,Country208,Street208,City208,State208,10000
FirstName209,LastName209,Country209,Street209,City209,State209,10000
FirstName210,LastName210,Country210,Street210,City210,State210,10000
FirstName211,LastName211,Country211,Street211,City211,State211,10000
FirstName212,LastName212,Country212,Street212,City212,State212,10000
FirstName213,LastName213,Country213,Street213,City213,State213,10000
FirstName214,LastName214,Country214,Street214,City214,State214,10000
FirstName215,LastName215,Country215,Street215,City215,State215,10000
FirstName216,LastName216,Country216,Street216,City216,State216,10000
FirstName217,LastName217,Country217,Street217,City217,State217,10000
FirstName218,LastName218,Country218,Street218,City218,State218,10000
FirstName219,LastName219,Country219,Street219,City219,State219,10000
FirstName220,LastName220,Country220,Street220,City220,State220,10000
FirstName221,LastName221,Country221,Street221,City221,State221,10000
FirstName222,LastName222,Country222,Street222,City222,State222,10000
FirstName223,LastName223,Country223,Street223,City223,State223,10000
FirstName224,LastName224,Country224,Street224,City224,State224,10000
FirstName225,LastName225,Country225,Street225,City225,State225,10000
FirstName226,LastName226,Country226,Street226,City226,State226,10000
FirstName227,LastName227,Country227,Street227,City227,State227,10000
FirstName228,LastName228,Country228,Street228,City228,State228,10000
FirstName229,LastName229,Country229,Street229,City229,State229,10000
FirstName230,LastName230,Country230,Street230,City230,State230,10000
FirstName231,LastName231,Country231,Street231,City231,State231,10000
FirstName232,LastName232,Country232,Street232,City232,State232,10000
FirstName233,LastName233,Country233,Street233,City233,State233,10000
FirstName234,LastName234,Country234,Street234,City234,State234,10000
FirstName235,LastName235,Country235,Street235,City235,State235,10000
FirstName236,LastName236,Country236,Street236,City236,State236,10000
FirstName237,LastName237,Country237,Street237,City237,State237,10000
FirstName238,LastName238,Country238,Street238,City238,State238,10000
FirstName239,LastName239,Country239,Street239,City239,State239,10000
FirstName240,LastName240,Country240,Street240,City240,State240,10000
FirstName241,LastName241,Country241,Street241,City241,State241,10000
FirstName242,LastName242,Country242,Street242,City242,State242,10000
FirstName243,LastName243,Country243,Street243,City243,State243,10000
FirstName244,LastName244,Country244,Street244,City244,State244,10000
FirstName245,LastName245,Country245,Street245,City245,State245,10000
FirstName246,LastName246,Country246,Street246,City246,State246,10000
FirstName247,LastName247,Country247,Street247,City247,State247,10000
FirstName248,LastName248,Country248,Street248,City248,State248,10000
FirstName249,LastName249,Country249,Street249,City249,State249,10000
FirstName250,LastName250,Country250,Street250,City250,State250,10000
FirstName251,LastName251,Country251,Street251,City251,State251,10000
FirstName252,LastName252,Country252,Street252,City252,State252,10000
FirstName253,LastName253,Country253,Street253,City253,State253,10000
FirstName254,LastName254,Country254,Street254,City254,State254,10000
FirstName255,LastName255,Country255,Street255,City255,State255,10000
FirstName256,LastName256,Country256,Street256,City256,State256,10000
FirstName257,LastName257,Country257,Street257,City257,State257,10000
FirstName258,LastName258,Country258,Street258,City258,State258,10000
FirstName259,LastName259,Country259,Street259,City259,State259,10000
FirstName260,LastName260,Country260,Street260,City260,State260,10000
FirstName261,LastName261,Country261,Street261,City261,State261,10000
FirstName262,LastName262,Country262,Street262,City262,State262,10000
FirstName263,LastName263,Country263,Street263,City263,State263,10000
FirstName264,LastName264,Country264,Street264,City264,State264,10000
FirstName265,LastName265,Country265,Street265,City265,State265,10000
FirstName266,LastName266,Country266,Street266,City266,State266,10000
FirstName267,LastName267,Country267,Street267,City267,State267,10000
FirstName268,LastName268,Country268,Street268,City268,State268,10000
FirstName269,LastName269,Country269,Street269,City269,State269,10000
FirstName270,LastName270,Country270,Street270,City270,State270,10000
FirstName271,LastName271,Country271,Street271,City271,State271,10000
FirstName272,LastName272,Country272,Street272,City272,State272,10000
FirstName273,LastName273,Country273,Street273,City273,State273,10000
FirstName274,LastName274,Country274,Street274,City274,State274,10000
FirstName275,LastName275,Country275,Street275,City275,State275,10000
FirstName276,LastName276,Country276,Street276,City276,State276,10000
FirstName277,LastName277,Country277,Street277,City277,State277,10000
FirstName278,LastName278,Country278,Street278,City278,State278,10000
FirstName279,LastName279,Country279,Street279,City279,State279,10000
FirstName280,LastName280,Country280,Street280,City280,State280,10000
FirstName281,LastName281,Country281,Street281,City281,State281,10000
FirstName282,LastName282,Country282,Street282,City282,State282,10000
FirstName283,LastName283,Country283,Street283,City283,State283,10000
FirstName284,LastName284,Country284,Street284,City284,State284,10000
FirstName285,LastName285,Country285,Street285,City285,State285,10000
FirstName286,LastName286,Country286,Street286,City286,State286,10000
FirstName287,LastName287,Country287,Street287,City287,State287,10000
FirstName288,LastName288,Country288,Street288,City288,State288,10000
FirstName289,LastName289,Country289,Street289,City289,State289,10000
FirstName290,LastName290,Country290,Street290,City290,State290,10000
FirstName291,LastName291,Country291,Street291,City291,State291,10000
FirstName292,LastName292,Country292,Street292,City292,State292,10000
FirstName293,LastName293,Country293,Street293,City293,State293,10000
FirstName294,LastName294,Country294,Street294,City294,State294,10000
FirstName295,LastName295,Country295,Street295,City295,State295,10000
FirstName296,LastName296,Country296,Street296,City296,State296,10000
FirstName297,LastName297,Country297,Street297,City297,State297,10000
FirstName298,LastName298,Country298,Street298,City298,State298,10000
FirstName299,LastName299,Country299,Street299,City299,State299,10000
FirstName300,LastName300,Country300,Street300,City300,State300,10000
FirstName301,LastName301,Country301,Street301,City301,State301,10000
FirstName302,LastName302,Country302,Street302,City302,State302,10000
FirstName303,LastName303,Country303,Street303,City303,State303,10000
FirstName304,LastName304,Country304,Street304,City304,State304,10000
FirstName305,LastName305,Country305,Street305,City305,State305,10000
FirstName306,LastName306,Country306,Street306,City306,State306,10000
FirstName307,LastName307,Country307,Street307,City307,State307,10000
FirstName308,LastName308,Country308,Street308,City308,State308,10000
FirstName309,LastName309,Country309,Street309,City309,State309,10000
FirstName310,LastName310,Country310,Street310,City310,State310,10000
FirstName311,LastName311,Country311,Street311,City311,State311,10000
FirstName312,LastName312,Country312,Street312,City312,State312,10000
FirstName313,LastName313,Country313,Street313,City313,State313,10000
FirstName314,LastName314,Country314,Street314,City314,State314,10000
FirstName315,LastName315,Country315,Street315,City315,State315,10000
FirstName316,LastName316,Country316,Street316,City316,State316,10000
FirstName317,LastName317,Country317,Street317,City317,State317,10000
FirstName318,LastName318,Country318,Street318,City318,State318,10000
FirstName319,LastName319,Country319,Street319,City319,State319,10000
FirstName320,LastName320,Country320,Street320,City320,State320,10000
FirstName321,LastName321,Country321,Street321,City321,State321,10000
FirstName322,LastName322,Country322,Street322,City322,State322,10000
FirstName323,LastName323,Country323,Street323,City323,State323,10000
FirstName324,LastName324,Country324,Street324,City324,State324,10000
FirstName325,LastName325,Country325,Street325,City325,State325,10000
FirstName326,LastName326,Country326,Street326,City326,State326,10000
FirstName327,LastName327,Country327,Street327,City327,State327,10000
FirstName328,LastName328,Country328,Street328,City328,State328,10000
FirstName329,LastName329,Country329,Street329,City329,State329,10000
FirstName330,LastName330,Country330,Street330,City330,State330,10000
FirstName331,LastName331,Country331,Street331,City331,State331,10000
FirstName332,LastName332,Country332,Street332,City332,State332,10000
FirstName333,LastName333,Country333,Street333,City333,State333,10000
FirstName334,LastName334,Country334,Street334,City334,State334,10000
FirstName335,LastName335,Country335,Street335,City335,State335,10000
FirstName336,LastName336,Country336,Street336,City336,State336,10000
FirstName337,LastName337,Country337,Street337,City337,State337,10000
FirstName338,LastName338,Country338,Street338,City338,State338,10000
FirstName339,LastName339,Country339,Street339,City339,State339,10000
FirstName340,LastName340,Country340,Street340,City340,State340,10000
FirstName341,LastName341,Country341,Street341,City341,State341,10000
FirstName342,LastName342,Country342,Street342,City342,State342,10000
FirstName343,LastName343,Country343,Street343,City343,State343,10000
FirstName344,LastName344,Country344,Street344,City344,State344,10000
FirstName345,LastName345,Country345,Street345,City345,State345,10000
FirstName346,LastName346,Country346,Street346,City346,State346,10000
FirstName347,LastName347,Country347,Street347,City347,State347,10000
FirstName348,LastName348,Country348,Street348,City348,State348,10000
FirstName349,LastName349,Country349,Street349,City349,State349,10000
FirstName350,LastName350,Country350,Street350,City350,State350,10000
FirstName351,LastName351,Country351,Street351,City351,State351,10000
FirstName352,LastName352,Country352,Street352,City352,State352,10000
FirstName353,LastName353,Country353,Street353,City353,State353,10000
FirstName354,LastName354,Country354,Street354,City354,State354,10000
FirstName355,LastName355,Country355,Street355,City355,State355,10000
FirstName356,LastName356,Country356,Street356,City356,State356,10000
FirstName357,LastName357,Country357,Street357,City357,State357,10000
FirstName358,LastName358,Country358,Street358,City358,State358,10000
FirstName359,LastName359,Country359,Street359,City359,State359,10000
FirstName360,LastName360,Country360,Street360,City360,State360,10000
FirstName361,LastName361,Country361,Street361,City361,State361,10000
FirstName362,LastName362,Country362,Street362,City362,State362,10000
FirstName363,LastName363,Country363,Street363,City363,State363,10000
FirstName364,LastName364,Country364,Street364,City364,State364,10000
FirstName365,LastName365,Country365,Street365,City365,State365,10000
FirstName366,LastName366,Country366,Street366,City366,State366,10000
FirstName367,LastName367,Country367,Street367,City367,State367,10000
FirstName368,LastName368,Country368,Street368,City368,State368,10000
FirstName369,LastName369,Country369,Street369,City369,State369,10000
FirstName370,LastName370,Country370,Street370,City370,State370,10000
FirstName371,LastName371,Country371,Street371,City371,State371,10000
FirstName372,LastName372,Country372,Street372,City372,State372,10000
FirstName373,LastName373,Country373,Street373,City373,State373,10000
FirstName374,LastName374,Country374,Street374,City374,State374,10000
FirstName375,LastName375,Country375,Street375,City375,State375,10000
FirstName376,LastName376,Country376,Street376,City376,State376,10000
FirstName377,LastName377,Country377,Street377,City377,State377,10000
FirstName378,LastName378,Country378,Street378,City378,State378,10000
FirstName379,LastName379,Country379,Street379,City379,State379,10000
FirstName380,LastName380,Country380,Street380,City380,State380,10000
FirstName381,LastName381,Country381,Street381,City381,State381,10000
FirstName382,LastName382,Country382,Street382,City382,State382,10000
FirstName383,LastName383,Country383,Street383,City383,State383,10000
FirstName384,LastName384,Country384,Street384,City384,State384,10000
FirstName385,LastName385,Country385,Street385,City385,State385,10000
FirstName386,LastName386,Country386,Street386,City386,State386,10000
FirstName387,LastName387,Country387,Street387,City387,State387,10000
FirstName388,LastName388,Country388,Street388,City388,State388,10000
FirstName389,LastName389,Country389,Street389,City389,State389,10000
FirstName390,LastName390,Country390,Street390,City390,State390,10000
FirstName391,LastName391,Country391,Street391,City391,State391,10000
FirstName392,LastName392,Country392,Street392,City392,State392,10000
FirstName393,LastName393,Country393,Street393,City393,State393,10000
FirstName394,LastName394,Country394,Street394,City394,State394,10000
FirstName395,LastName395,Country395,Street395,City395,State395,10000
FirstName396,LastName396,Country396,Street396,City396,State396,10000
FirstName397,LastName397,Country397,Street397,City397,State397,10000
FirstName398,LastName398,Country398,Street398,City398,State398,10000
FirstName399,LastName399,Country399,Street399,City399,State399,10000
FirstName400,LastName400,Country400,Street400,City400,State400,10000
FirstName401,LastName401,Country401,Street401,City401,State401,10000
FirstName402,LastName402,Country402,Street402,City402,State402,10000
FirstName403,LastName403,Country403,Street403,City403,State403,10000
FirstName404,LastName404,Country404,Street404,City404,State404,10000
FirstName405,LastName405,Country405,Street405,City405,State405,10000
FirstName406,LastName406,Country406,Street406,City406,State406,10000
FirstName407,LastName407,Country407,Street407,City407,State407,10000
FirstName408,LastName408,Country408,Street408,City408,State408,10000
FirstName409,LastName409,Country409,Street409,City409,State409,10000
FirstName410,LastName410,Country410,Street410,City410,State410,10000
FirstName411,LastName411,Country411,Street411,City411,State411,10000
FirstName412,LastName412,Country412,Street412,City412,State412,10000
FirstName413,LastName413,Country413,Street413,City413,State413,10000
FirstName414,LastName414,Country414,Street414,City414,State414,10000
FirstName415,LastName415,Country415,Street415,City415,State415,10000
FirstName416,LastName416,Country416,Street416,City416,State416,10000
FirstName417,LastName417,Country417,Street417,City417,State417,10000
FirstName418,LastName418,Country418,Street418,City418,State418,10000
FirstName419,LastName419,Country419,Street419,City419,State419,10000
FirstName420,LastName420,Country420,Street420,City420,State420,10000
FirstName421,LastName421,Country421,Street421,City421,State421,10000
FirstName422,LastName422,Country422,Street422,City422,State422,10000
FirstName423,LastName423,Country423,Street423,City423,State423,10000
FirstName424,LastName424,Country424,Street424,City424,State424,10000
FirstName425,LastName425,Country425,Street425,City425,State425,10000
FirstName426,LastName426,Country426,Street426,City426,State426,10000
FirstName427,LastName427,Country427,Street427,City427,State427,10000
FirstName428,LastName428,Country428,Street428,City428,State428,10000
FirstName429,LastName429,Country429,Street429,City429,State429,10000
FirstName430,LastName430,Country430,Street430,City430,State430,10000
FirstName431,LastName431,Country431,Street431,City431,State431,10000
FirstName432,LastName432,Country432,Street432,City432,State432,10000
FirstName433,LastName433,Country433,Street433,City433,State433,10000
FirstName434,LastName434,Country434,Street434,City434,State434,10000
FirstName435,LastName435,Country435,Street435,City435,State435,10000
FirstName436,LastName436,Country436,Street436,City436,State436,10000
FirstName437,LastName437,Country437,Street437,City437,State437,10000
FirstName438,LastName438,Country438,Street438,City438,State438,10000
FirstName439,LastName439,Country439,Street439,City439,State439,10000
FirstName440,LastName440,Country440,Street440,City440,State440,10000
FirstName441,LastName441,Country441,Street441,City441,State441,10000
FirstName442,LastName442,Country442,Street442,City442,State442,10000
FirstName443,LastName443,Country443,Street443,City443,State443,10000
FirstName444,LastName444,Country444,Street444,City444,State444,10000
FirstName445,LastName445,Country445,Street445,City445,State445,10000
FirstName446,LastName446,Country446,Street446,City446,State446,10000
FirstName447,LastName447,Country447,Street447,City447,State447,10000
FirstName448,LastName448,Country448,Street448,City448,State448,10000
FirstName449,LastName449,Country449,Street449,City449,State449,10000
FirstName450,LastName450,Country450,Street450,City450,State450,10000
FirstName451,LastName451,Country451,Street451,City451,State451,10000
FirstName452,LastName452,Country452,Street452,City452,State452,10000
FirstName453,LastName453,Country453,Street453,City453,State453,10000
FirstName454,LastName454,Country454,Street454,City454,State454,10000
FirstName455,LastName455,Country455,Street455,City455,State455,10000
FirstName456,LastName456,Country456,Street456,City456,State456,10000
FirstName457,LastName457,Country457,Street457,City457,State457,10000
FirstName458,LastName458,Country458,Street458,City458,State458,10000
FirstName459,LastName459,Country459,Street459,City459,State459,10000
FirstName460,LastName460,Country460,Street460,City460,State460,10000
FirstName461,LastName461,Country461,Street461,City461,State461,10000
FirstName462,LastName462,Country462,Street462,City462,State462,10000
FirstName463,LastName463,Country463,Street463,City463,State463,10000
FirstName464,LastName464,Country464,Street464,City464,State464,10000
FirstName465,LastName465,Country465,Street465,City465,State465,10000
FirstName466,LastName466,Country466,Street466,City466,State466,10000
FirstName467,LastName467,Country467,Street467,City467,State467,10000
FirstName468,LastName468,Country468,Street468,City468,State468,10000
FirstName469,LastName469,Country469,Street469,City469,State469,10000
FirstName470,LastName470,Country470,Street470,City470,State470,10000
FirstName471,LastName471,Country471,Street471,City471,State471,10000
FirstName472,LastName472,Country472,Street472,City472,State472,10000
FirstName473,LastName473,Country473,Street473,City473,State473,10000
FirstName474,LastName474,Country474,Street474,City474,State474,10000
FirstName475,LastName475,Country475,Street475,City475,State475,10000
FirstName476,LastName476,Country476,Street476,City476,State476,10000
FirstName477,LastName477,Country477,Street477,City477,State477,10000
FirstName478,LastName478,Country478,Street478,City478,State478,10000
FirstName479,LastName479,Country479,Street479,City479,State479,10000
FirstName480,LastName480,Country480,Street480,City480,State480,10000
FirstName481,LastName481,Country481,Street481,City481,State481,10000
FirstName482,LastName482,Country482,Street482,City482,State482,10000
FirstName483,LastName483,Country483,Street483,City483,State483,10000
FirstName484,LastName484,Country484,Street484,City484,State484,10000
FirstName485,LastName485,Country485,Street485,City485,State485,10000
FirstName486,LastName486,Country486,Street486,City486,State486,10000
FirstName487,LastName487,Country487,Street487,City487,State487,10000
FirstName488,LastName488,Country488,Street488,City488,State488,10000
FirstName489,LastName489,Country489,Street489,City489,State489,10000
FirstName490,LastName490,Country490,Street490,City490,State490,10000
FirstName491,LastName491,Country491,Street491,City491,State491,10000
FirstName492,LastName492,Country492,Street492,City492,State492,10000
FirstName493,LastName493,Country493,Street493,City493,State493,10000
FirstName494,LastName494,Country494,Street494,City494,State494,10000
FirstName495,LastName495,Country495,Street495,City495,State495,10000
FirstName496,LastName496,Country496,Street496,City496,State496,10000
FirstName497,LastName497,Country497,Street497,City497,State497,10000
FirstName498,LastName498,Country498,Street498,City498,State498,10000
FirstName499,LastName499,Country499,Street499,City499,State499,10000
FirstName500,LastName500,Country500,Street500,City500,State500,10000
FirstName501,LastName501,Country501,Street501,City501,State501,10000
FirstName502,LastName502,Country502,Street502,City502,State502,10000
FirstName503,LastName503,Country503,Street503,City503,State503,10000
FirstName504,LastName504,Country504,Street504,City504,State504,10000
FirstName505,LastName505,Country505,Street505,City505,State505,10000
FirstName506,LastName506,Country506,Street506,City506,State506,10000
FirstName507,LastName507,Country507,Street507,City507,State507,10000
FirstName508,LastName508,Country508,Street508,City508,State508,10000
FirstName509,LastName509,Country509,Street509,City509,State509,10000
FirstName510,LastName510,Country510,Street510,City510,State510,10000
FirstName511,LastName511,Country511,Street511,City511,State511,10000
FirstName512,LastName512,Country512,Street512,City512,State512,10000
FirstName513,LastName513,Country513,Street513,City513,State513,10000
FirstName514,LastName514,Country514,Street514,City514,State514,10000
FirstName515,LastName515,Country515,Street515,City515,State515,10000
FirstName516,LastName516,Country516,Street516,City516,State516,10000
FirstName517,LastName517,Country517,Street517,City517,State517,10000
FirstName518,LastName518,Country518,Street518,City518,State518,10000
FirstName519,LastName519,Country519,Street519,City519,State519,10000
FirstName520,LastName520,Country520,Street520,City520,State520,10000
FirstName521,LastName521,Country521,Street521,City521,State521,10000
FirstName522,LastName522,Country522,Street522,City522,State522,10000
FirstName523,LastName523,Country523,Street523,City523,State523,10000
FirstName524,LastName524,Country524,Street524,City524,State524,10000
FirstName525,LastName525,Country525,Street525,City525,State525,10000
FirstName526,LastName526,Country526,Street526,City526,State526,10000
FirstName527,LastName527,Country527,Street527,City527,State527,10000
FirstName528,LastName528,Country528,Street528,City528,State528,10000
FirstName529,LastName529,Country529,Street529,City529,State529,10000
FirstName530,LastName530,Country530,Street530,City530,State530,10000
FirstName531,LastName531,Country531,Street531,City531,State531,10000
FirstName532,LastName532,Country532,Street532,City532,State532,10000
FirstName533,LastName533,Country533,Street533,City533,State533,10000
FirstName534,LastName534,Country534,Street534,City534,State534,10000
FirstName535,LastName535,Country535,Street535,City535,State535,10000
FirstName536,LastName536,Country536,Street536,City536,State536,10000
FirstName537,LastName537,Country537,Street537,City537,State537,10000
FirstName538,LastName538,Country538,Street538,City538,State538,10000
FirstName539,LastName539,Country539,Street539,City539,State539,10000
FirstName540,LastName540,Country540,Street540,City540,State540,10000
FirstName541,LastName541,Country541,Street541,City541,State541,10000
FirstName542,LastName542,Country542,Street542,City542,State542,10000
FirstName543,LastName543,Country543,Street543,City543,State543,10000
FirstName544,LastName544,Country544,Street544,City544,State544,10000
FirstName545,LastName545,Country545,Street545,City545,State545,10000
FirstName546,LastName546,Country546,Street546,City546,State546,10000
FirstName547,LastName547,Country547,Street547,City547,State547,10000
FirstName548,LastName548,Country548,Street548,City548,State548,10000
FirstName549,LastName549,Country549,Street549,City549,State549,10000
FirstName550,LastName550,Country550,Street550,City550,State550,10000
FirstName551,LastName551,Country551,Street551,City551,State551,10000
FirstName552,LastName552,Country552,Street552,City552,State552,10000
FirstName553,LastName553,Country553,Street553,City553,State553,10000
FirstName554,LastName554,Country554,Street554,City554,State554,10000
FirstName555,LastName555,Country555,Street555,City555,State555,10000
FirstName556,LastName556,Country556,Street556,City556,State556,10000
FirstName557,LastName557,Country557,Street557,City557,State557,10000
FirstName558,LastName558,Country558,Street558,City558,State558,10000
FirstName559,LastName559,Country559,Street559,City559,State559,10000
FirstName560,LastName560,Country560,Street560,City560,State560,10000
FirstName561,LastName561,Country561,Street561,City561,State561,10000
FirstName562,LastName562,Country562,Street562,City562,State562,10000
FirstName563,LastName563,Country563,Street563,City563,State563,10000
FirstName564,LastName564,Country564,Street564,City564,State564,10000
FirstName565,LastName565,Country565,Street565,City565,State565,10000
FirstName566,LastName566,Country566,Street566,City566,State566,10000
FirstName567,LastName567,Country567,Street567,City567,State567,10000
FirstName568,LastName568,Country568,Street568,City568,State568,10000
FirstName569,LastName569,Country569,Street569,City569,State569,10000
FirstName570,LastName570,Country570,Street570,City570,State570,10000
FirstName571,LastName571,Country571,Street571,City571,State571,10000
FirstName572,LastName572,Country572,Street572,City572,State572,10000
FirstName573,LastName573,Country573,Street573,City573,State573,10000
FirstName574,LastName574,Country574,Street574,City574,State574,10000
FirstName575,LastName575,Country575,Street575,City575,State575,10000
FirstName576,LastName576,Country576,Street576,City576,State576,10000
FirstName577,LastName577,Country577,Street577,City577,State577,10000
FirstName578,LastName578,Country578,Street578,City578,State578,10000
FirstName579,LastName579,Country579,Street579,City579,State579,10000
FirstName580,LastName580,Country580,Street580,City580,State580,10000
FirstName581,LastName581,Country581,Street581,City581,State581,10000
FirstName582,LastName582,Country582,Street582,City582,State582,10000
FirstName583,LastName583,Country583,Street583,City583,State583,10000
FirstName584,LastName584,Country584,Street584,City584,State584,10000
FirstName585,LastName585,Country585,Street585,City585,State585,10000
FirstName586,LastName586,Country586,Street586,City586,State586,10000
FirstName587,LastName587,Country587,Street587,City587,State587,10000
FirstName588,LastName588,Country588,Street588,City588,State588,10000
FirstName589,LastName589,Country589,Street589,City589,State589,10000
FirstName590,LastName590,Country590,Street590,City590,State590,10000
FirstName591,LastName591,Country591,Street591,City591,State591,10000
FirstName592,LastName592,Country592,Street592,City592,State592,10000
FirstName593,LastName593,Country593,Street593,City593,State593,10000
FirstName594,LastName594,Country594,Street594,City594,State594,10000
FirstName595,LastName595,Country595,Street595,City595,State595,10000
FirstName596,LastName596,Country596,Street596,City596,State596,10000
FirstName597,LastName597,Country597,Street597,City597,State597,10000
FirstName598,LastName598,Country598,Street598,City598,State598,10000
FirstName599,LastName599,Country599,Street599,City599,State599,10000
FirstName600,LastName600,Country600,Street600,City600,State600,10000
FirstName601,LastName601,Country601,Street601,City601,State601,10000
FirstName602,LastName602,Country602,Street602,City602,State602,10000
FirstName603,LastName603,Country603,Street603,City603,State603,10000
FirstName604,LastName604,Country604,Street604,City604,State604,10000
FirstName605,LastName605,Country605,Street605,City605,State605,10000
FirstName606,LastName606,Country606,Street606,City606,State606,10000
FirstName607,LastName607,Country607,Street607,City607,State607,10000
FirstName608,LastName608,Country608,Street608,City608,State608,10000
FirstName609,LastName609,Country609,Street609,City609,State609,10000
FirstName610,LastName610,Country610,Street610,City610,State610,10000
FirstName611,LastName611,Country611,Street611,City611,State611,10000
FirstName612,LastName612,Country612,Street612,City612,State612,10000
FirstName613,LastName613,Country613,Street613,City613,State613,10000
FirstName614,LastName614,Country614,Street614,City614,State614,10000
FirstName615,LastName615,Country615,Street615,City615,State615,10000
FirstName616,LastName616,Country616,Street616,City616,State616,10000
FirstName617,LastName617,Country617,Street617,City617,State617,10000
FirstName618,LastName618,Country618,Street618,City618,State618,10000
FirstName619,LastName619,Country619,Street619,City619,State619,10000
FirstName620,LastName620,Country620,Street620,City620,State620,10000
FirstName621,LastName621,Country621,Street621,City621,State621,10000
FirstName622,LastName622,Country622,Street622,City622,State622,10000
FirstName623,LastName623,Country623,Street623,City623,State623,10000
FirstName624,LastName624,Country624,Street624,City624,State624,10000
FirstName625,LastName625,Country625,Street625,City625,State625,10000
FirstName626,LastName626,Country626,Street626,City626,State626,10000
FirstName627,LastName627,Country627,Street627,City627,State627,10000
FirstName628,LastName628,Country628,Street628,City628,State628,10000
FirstName629,LastName629,Country629,Street629,City629,State629,10000
FirstName630,LastName630,Country630,Street630,City630,State630,10000
FirstName631,LastName631,Country631,Street631,City631,State631,10000
FirstName632,LastName632,Country632,Street632,City632,State632,10000
FirstName633,LastName633,Country633,Street633,City633,State633,10000
FirstName634,LastName634,Country634,Street634,City634,State634,10000
FirstName635,LastName635,Country635,Street635,City635,State635,10000
FirstName636,LastName636,Country636,Street636,City636,State636,10000
FirstName637,LastName637,Country637,Street637,City637,State637,10000
FirstName638,LastName638,Country638,Street638,City638,State638,10000
FirstName639,LastName639,Country639,Street639,City639,State639,10000
FirstName640,LastName640,Country640,Street640,City640,State640,10000
FirstName641,LastName641,Country641,Street641,City641,State641,10000
FirstName642,LastName642,Country642,Street642,City642,State642,10000
FirstName643,LastName643,Country643,Street643,City643,State643,10000
FirstName644,LastName644,Country644,Street644,City644,State644,10000
FirstName645,LastName645,Country645,Street645,City645,State645,10000
FirstName646,LastName646,Country646,Street646,City646,State646,10000
FirstName647,LastName647,Country647,Street647,City647,State647,10000
FirstName648,LastName648,Country648,Street648,City648,State648,10000
FirstName649,LastName649,Country649,Street649,City649,State649,10000
FirstName650,LastName650,Country650,Street650,City650,State650,10000
FirstName651,LastName651,Country651,Street651,City651,State651,10000
FirstName652,LastName652,Country652,Street652,City652,State652,10000
FirstName653,LastName653,Country653,Street653,City653,State653,10000
FirstName654,LastName654,Country654,Street654,City654,State654,10000
FirstName655,LastName655,Country655,Street655,City655,State655,10000
FirstName656,LastName656,Country656,Street656,City656,State656,10000
FirstName657,LastName657,Country657,Street657,City657,State657,10000
FirstName658,LastName658,Country658,Street658,City658,State658,10000
FirstName659,LastName659,Country659,Street659,City659,State659,10000
FirstName660,LastName660,Country660,Street660,City660,State660,10000
FirstName661,LastName661,Country661,Street661,City661,State661,10000
FirstName662,LastName662,Country662,Street662,City662,State662,10000
FirstName663,LastName663,Country663,Street663,City663,State663,10000
FirstName664,LastName664,Country664,Street664,City664,State664,10000
FirstName665,LastName665,Country665,Street665,City665,State665,10000
FirstName666,LastName666,Country666,Street666,City666,State666,10000
FirstName667,LastName667,Country667,Street667,City667,State667,10000
FirstName668,LastName668,Country668,Street668,City668,State668,10000
FirstName669,LastName669,Country669,Street669,City669,State669,10000
FirstName670,LastName670,Country670,Street670,City670,State670,10000
FirstName671,LastName671,Country671,Street671,City671,State671,10000
FirstName672,LastName672,Country672,Street672,City672,State672,10000
FirstName673,LastName673,Country673,Street673,City673,State673,10000
FirstName674,LastName674,Country674,Street674,City674,State674,10000
FirstName675,LastName675,Country675,Street675,City675,State675,10000
FirstName676,LastName676,Country676,Street676,City676,State676,10000
FirstName677,LastName677,Country677,Street677,City677,State677,10000
FirstName678,LastName678,Country678,Street678,City678,State678,10000
FirstName679,LastName679,Country679,Street679,City679,State679,10000
FirstName680,LastName680,Country680,Street680,City680,State680,10000
FirstName681,LastName681,Country681,Street681,City681,State681,10000
FirstName682,LastName682,Country682,Street682,City682,State682,10000
FirstName683,LastName683,Country683,Street683,City683,State683,10000
FirstName684,LastName684,Country684,Street684,City684,State684,10000
FirstName685,LastName685,Country685,Street685,City685,State685,10000
FirstName686,LastName686,Country686,Street686,City686,State686,10000
FirstName687,LastName687,Country687,Street687,City687,State687,10000
FirstName688,LastName688,Country688,Street688,City688,State688,10000
FirstName689,LastName689,Country689,Street689,City689,State689,10000
FirstName690,LastName690,Country690,Street690,City690,State690,10000
FirstName691,LastName691,Country691,Street691,City691,State691,10000
FirstName692,LastName692,Country692,Street692,City692,State692,10000
FirstName693,LastName693,Country693,Street693,City693,State693,10000
FirstName694,LastName694,Country694,Street694,City694,State694,10000
FirstName695,LastName695,Country695,Street695,City695,State695,10000
FirstName696,LastName696,Country696,Street696,City696,State696,10000
FirstName697,LastName697,Country697,Street697,City697,State697,10000
FirstName698,LastName698,Country698,Street698,City698,State698,10000
FirstName699,LastName699,Country699,Street699,City699,State699,10000
FirstName700,LastName700,Country700,Street700,City700,State700,10000
FirstName701,LastName701,Country701,Street701,City701,State701,10000
FirstName702,LastName702,Country702,Street702,City702,State702,10000
FirstName703,LastName703,Country703,Street703,City703,State703,10000
FirstName704,LastName704,Country704,Street704,City704,State704,10000
FirstName705,LastName705,Country705,Street705,City705,State705,10000
FirstName706,LastName706,Country706,Street706,City706,State706,10000
FirstName707,LastName707,Country707,Street707,City707,State707,10000
FirstName708,LastName708,Country708,Street708,City708,State708,10000
FirstName709,LastName709,Country709,Street709,City709,State709,10000
FirstName710,LastName710,Country710,Street710,City710,State710,10000
FirstName711,LastName711,Country711,Street711,City711,State711,10000
FirstName712,LastName712,Country712,Street712,City712,State712,10000
FirstName713,LastName713,Country713,Street713,City713,State713,10000
FirstName714,LastName714,Country714,Street714,City714,State714,10000
FirstName715,LastName715,Country715,Street715,City715,State715,10000
FirstName716,LastName716,Country716,Street716,City716,State716,10000
FirstName717,LastName717,Country717,Street717,City717,State717,10000
FirstName718,LastName718,Country718,Street718,City718,State718,10000
FirstName719,LastName719,Country719,Street719,City719,State719,10000
FirstName720,LastName720,Country720,Street720,City720,State720,10000
FirstName721,LastName721,Country721,Street721,City721,State721,10000
FirstName722,LastName722,Country722,Street722,City722,State722,10000
FirstName723,LastName723,Country723,Street723,City723,State723,10000
FirstName724,LastName724,Country724,Street724,City724,State724,10000
FirstName725,LastName725,Country725,Street725,City725,State725,10000
FirstName726,LastName726,Country726,Street726,City726,State726,10000
FirstName727,LastName727,Country727,Street727,City727,State727,10000
FirstName728,LastName728,Country728,Street728,City728,State728,10000
FirstName729,LastName729,Country729,Street729,City729,State729,10000
FirstName730,LastName730,Country730,Street730,City730,State730,10000
FirstName731,LastName731,Country731,Street731,City731,State731,10000
FirstName732,LastName732,Country732,Street732,City732,State732,10000
FirstName733,LastName733,Country733,Street733,City733,State733,10000
FirstName734,LastName734,Country734,Street734,City734,State734,10000
FirstName735,LastName735,Country735,Street735,City735,State735,10000
FirstName736,LastName736,Country736,Street736,City736,State736,10000
FirstName737,LastName737,Country737,Street737,City737,State737,10000
FirstName738,LastName738,Country738,Street738,City738,State738,10000
FirstName739,LastName739,Country739,Street739,City739,State739,10000
FirstName740,LastName740,Country740,Street740,City740,State740,10000
FirstName741,LastName741,Country741,Street741,City741,State741,10000
FirstName742,LastName742,Country742,Street742,City742,State742,10000
FirstName743,LastName743,Country743,Street743,City743,State743,10000
FirstName744,LastName744,Country744,Street744,City744,State744,10000
FirstName745,LastName745,Country745,Street745,City745,State745,10000
FirstName746,LastName746,Country746,Street746,City746,State746,10000
FirstName747,LastName747,Country747,Street747,City747,State747,10000
FirstName748,LastName748,Country748,Street748,City748,State748,10000
FirstName749,LastName749,Country749,Street749,City749,State749,10000
FirstName750,LastName750,Country750,Street750,City750,State750,10000
FirstName751,LastName751,Country751,Street751,City751,State751,10000
FirstName752,LastName752,Country752,Street752,City752,State752,10000
FirstName753,LastName753,Country753,Street753,City753,State753,10000
FirstName754,LastName754,Country754,Street754,City754,State754,10000
FirstName755,LastName755,Country755,Street755,City755,State755,10000
FirstName756,LastName756,Country756,Street756,City756,State756,10000
FirstName757,LastName757,Country757,Street757,City757,State757,10000
FirstName758,LastName758,Country758,Street758,City758,State758,10000
FirstName759,LastName759,Country759,Street759,City759,State759,10000
FirstName760,LastName760,Country760,Street760,City760,State760,10000
FirstName761,LastName761,Country761,Street761,City761,State761,10000
FirstName762,LastName762,Country762,Street762,City762,State762,10000
FirstName763,LastName763,Country763,Street763,City763,State763,10000
FirstName764,LastName764,Country764,Street764,City764,State764,10000
FirstName765,LastName765,Country765,Street765,City765,State765,10000
FirstName766,LastName766,Country766,Street766,City766,State766,10000
FirstName767,LastName767,Country767,Street767,City767,State767,10000
FirstName768,LastName768,Country768,Street768,City768,State768,10000
FirstName769,LastName769,Country769,Street769,City769,State769,10000
FirstName770,LastName770,Country770,Street770,City770,State770,10000
FirstName771,LastName771,Country771,Street771,City771,State771,10000
FirstName772,LastName772,Country772,Street772,City772,State772,10000
FirstName773,LastName773,Country773,Street773,City773,State773,10000
FirstName774,LastName774,Country774,Street774,City774,State774,10000
FirstName775,LastName775,Country775,Street775,City775,State775,10000
FirstName776,LastName776,Country776,Street776,City776,State776,10000
FirstName777,LastName777,Country777,Street777,City777,State777,10000
FirstName778,LastName778,Country778,Street778,City778,State778,10000
FirstName779,LastName779,Country779,Street779,City779,State779,10000
FirstName780,LastName780,Country780,Street780,City780,State780,10000
FirstName781,LastName781,Country781,Street781,City781,State781,10000
FirstName782,LastName782,Country782,Street782,City782,State782,10000
FirstName783,LastName783,Country783,Street783,City783,State783,10000
FirstName784,LastName784,Country784,Street784,City784,State784,10000
FirstName785,LastName785,Country785,Street785,City785,State785,10000
FirstName786,LastName786,Country786,Street786,City786,State786,10000
FirstName787,LastName787,Country787,Street787,City787,State787,10000
FirstName788,LastName788,Country788,Street788,City788,State788,10000
FirstName789,LastName789,Country789,Street789,City789,State789,10000
FirstName790,LastName790,Country790,Street790,City790,State790,10000
FirstName791,LastName791,Country791,Street791,City791,State791,10000
FirstName792,LastName792,Country792,Street792,City792,State792,10000
FirstName793,LastName793,Country793,Street793,City793,State793,10000
FirstName794,LastName794,Country794,Street794,City794,State794,10000
FirstName795,LastName795,Country795,Street795,City795,State795,10000
FirstName796,LastName796,Country796,Street796,City796,State796,10000
FirstName797,LastName797,Country797,Street797,City797,State797,10000
FirstName798,LastName798,Country798,Street798,City798,State798,10000
FirstName799,LastName799,Country799,Street799,City799,State799,10000
FirstName800,LastName800,Country800,Street800,City800,State800,10000
FirstName801,LastName801,Country801,Street801,City801,State801,10000
FirstName802,LastName802,Country802,Street802,City802,State802,10000
FirstName803,LastName803,Country803,Street803,City803,State803,10000
FirstName804,LastName804,Country804,Street804,City804,State804,10000
FirstName805,LastName805,Country805,Street805,City805,State805,10000
FirstName806,LastName806,Country806,Street806,City806,State806,10000
FirstName807,LastName807,Country807,Street807,City807,State807,10000
FirstName808,LastName808,Country808,Street808,City808,State808,10000
FirstName809,LastName809,Country809,Street809,City809,State809,10000
FirstName810,LastName810,Country810,Street810,City810,State810,10000
FirstName811,LastName811,Country811,Street811,City811,State811,10000
FirstName812,LastName812,Country812,Street812,City812,State812,10000
FirstName813,LastName813,Country813,Street813,City813,State813,10000
FirstName814,LastName814,Country814,Street814,City814,State814,10000
FirstName815,LastName815,Country815,Street815,City815,State815,10000
FirstName816,LastName816,Country816,Street816,City816,State816,10000
FirstName817,LastName817,Country817,Street817,City817,State817,10000
FirstName818,LastName818,Country818,Street818,City818,State818,10000
FirstName819,LastName819,Country819,Street819,City819,State819,10000
FirstName820,LastName820,Country820,Street820,City820,State820,10000
FirstName821,LastName821,Country821,Street821,City821,State821,10000
FirstName822,LastName822,Country822,Street822,City822,State822,10000
FirstName823,LastName823,Country823,Street823,City823,State823,10000
FirstName824,LastName824,Country824,Street824,City824,State824,10000
FirstName825,LastName825,Country825,Street825,City825,State825,10000
FirstName826,LastName826,Country826,Street826,City826,State826,10000
FirstName827,LastName827,Country827,Street827,City827,State827,10000
FirstName828,LastName828,Country828,Street828,City828,State828,10000
FirstName829,LastName829,Country829,Street829,City829,State829,10000
FirstName830,LastName830,Country830,Street830,City830,State830,10000
FirstName831,LastName831,Country831,Street831,City831,State831,10000
FirstName832,LastName832,Country832,Street832,City832,State832,10000
FirstName833,LastName833,Country833,Street833,City833,State833,10000
FirstName834,LastName834,Country834,Street834,City834,State834,10000
FirstName835,LastName835,Country835,Street835,City835,State835,10000
FirstName836,LastName836,Country836,Street836,City836,State836,10000
FirstName837,LastName837,Country837,Street837,City837,State837,10000
FirstName838,LastName838,Country838,Street838,City838,State838,10000
FirstName839,LastName839,Country839,Street839,City839,State839,10000
FirstName840,LastName840,Country840,Street840,City840,State840,10000
FirstName841,LastName841,Country841,Street841,City841,State841,10000
FirstName842,LastName842,Country842,Street842,City842,State842,10000
FirstName843,LastName843,Country843,Street843,City843,State843,10000
FirstName844,LastName844,Country844,Street844,City844,State844,10000
FirstName845,LastName845,Country845,Street845,City845,State845,10000
FirstName846,LastName846,Country846,Street846,City846,State846,10000
FirstName847,LastName847,Country847,Street847,City847,State847,10000
FirstName848,LastName848,Country848,Street848,City848,State848,10000
FirstName849,LastName849,Country849,Street849,City849,State849,10000
FirstName850,LastName850,Country850,Street850,City850,State850,10000
FirstName851,LastName851,Country851,Street851,City851,State851,10000
FirstName852,LastName852,Country852,Street852,City852,State852,10000
FirstName853,LastName853,Country853,Street853,City853,State853,10000
FirstName854,LastName854,Country854,Street854,City854,State854,10000
FirstName855,LastName855,Country855,Street855,City855,State855,10000
FirstName856,LastName856,Country856,Street856,City856,State856,10000
FirstName857,LastName857,Country857,Street857,City857,State857,10000
FirstName858,LastName858,Country858,Street858,City858,State858,10000
FirstName859,LastName859,Country859,Street859,City859,State859,10000
FirstName860,LastName860,Country860,Street860,City860,State860,10000
FirstName861,LastName861,Country861,Street861,City861,State861,10000
FirstName862,LastName862,Country862,Street862,City862,State862,10000
FirstName863,LastName863,Country863,Street863,City863,State863,10000
FirstName864,LastName864,Country864,Street864,City864,State864,10000
FirstName865,LastName865,Country865,Street865,City865,State865,10000
FirstName866,LastName866,Country866,Street866,City866,State866,10000
FirstName867,LastName867,Country867,Street867,City867,State867,10000
FirstName868,LastName868,Country868,Street868,City868,State868,10000
FirstName869,LastName869,Country869,Street869,City869,State869,10000
FirstName870,LastName870,Country870,Street870,City870,State870,10000
FirstName871,LastName871,Country871,Street871,City871,State871,10000
FirstName872,LastName872,Country872,Street872,City872,State872,10000
FirstName873,LastName873,Country873,Street873,City873,State873,10000
FirstName874,LastName874,Country874,Street874,City874,State874,10000
FirstName875,LastName875,Country875,Street875,City875,State875,10000
FirstName876,LastName876,Country876,Street876,City876,State876,10000
FirstName877,LastName877,Country877,Street877,City877,State877,10000
FirstName878,LastName878,Country878,Street878,City878,State878,10000
FirstName879,LastName879,Country879,Street879,City879,State879,10000
FirstName880,LastName880,Country880,Street880,City880,State880,10000
FirstName881,LastName881,Country881,Street881,City881,State881,10000
FirstName882,LastName882,Country882,Street882,City882,State882,10000
FirstName883,LastName883,Country883,Street883,City883,State883,10000
FirstName884,LastName884,Country884,Street884,City884,State884,10000
FirstName885,LastName885,Country885,Street885,City885,State885,10000
FirstName886,LastName886,Country886,Street886,City886,State886,10000
FirstName887,LastName887,Country887,Street887,City887,State887,10000
FirstName888,LastName888,Country888,Street888,City888,State888,10000
FirstName889,LastName889,Country889,Street889,City889,State889,10000
FirstName890,LastName890,Country890,Street890,City890,State890,10000
FirstName891,LastName891,Country891,Street891,City891,State891,10000
FirstName892,LastName892,Country892,Street892,City892,State892,10000
FirstName893,LastName893,Country893,Street893,City893,State893,10000
FirstName894,LastName894,Country894,Street894,City894,State894,10000
FirstName895,LastName895,Country895,Street895,City895,State895,10000
FirstName896,LastName896,Country896,Street896,City896,State896,10000
FirstName897,LastName897,Country897,Street897,City897,State897,10000
FirstName898,LastName898,Country898,Street898,City898,State898,10000
FirstName899,LastName899,Country899,Street899,City899,State899,10000
FirstName900,LastName900,Country900,Street900,City900,State900,10000
FirstName901,LastName901,Country901,Street901,City901,State901,10000
FirstName902,LastName902,Country902,Street902,City902,State902,10000
FirstName903,LastName903,Country903,Street903,City903,State903,10000
FirstName904,LastName904,Country904,Street904,City904,State904,10000
FirstName905,LastName905,Country905,Street905,City905,State905,10000
FirstName906,LastName906,Country906,Street906,City906,State906,10000
FirstName907,LastName907,Country907,Street907,City907,State907,10000
FirstName908,LastName908,Country908,Street908,City908,State908,10000
FirstName909,LastName909,Country909,Street909,City909,State909,10000
FirstName910,LastName910,Country910,Street910,City910,State910,10000
FirstName911,LastName911,Country911,Street911,City911,State911,10000
FirstName912,LastName912,Country912,Street912,City912,State912,10000
FirstName913,LastName913,Country913,Street913,City913,State913,10000
FirstName914,LastName914,Country914,Street914,City914,State914,10000
FirstName915,LastName915,Country915,Street915,City915,State915,10000
FirstName916,LastName916,Country916,Street916,City916,State916,10000
FirstName917,LastName917,Country917,Street917,City917,State917,10000
FirstName918,LastName918,Country918,Street918,City918,State918,10000
FirstName919,LastName919,Country919,Street919,City919,State919,10000
FirstName920,LastName920,Country920,Street920,City920,State920,10000
FirstName921,LastName921,Country921,Street921,City921,State921,10000
FirstName922,LastName922,Country922,Street922,City922,State922,10000
FirstName923,LastName923,Country923,Street923,City923,State923,10000
FirstName924,LastName924,Country924,Street924,City924,State924,10000
FirstName925,LastName925,Country925,Street925,City925,State925,10000
FirstName926,LastName926,Country926,Street926,City926,State926,10000
FirstName927,LastName927,Country927,Street927,City927,State927,10000
FirstName928,LastName928,Country928,Street928,City928,State928,10000
FirstName929,LastName929,Country929,Street929,City929,State929,10000
FirstName930,LastName930,Country930,Street930,City930,State930,10000
FirstName931,LastName931,Country931,Street931,City931,State931,10000
FirstName932,LastName932,Country932,Street932,City932,State932,10000
FirstName933,LastName933,Country933,Street933,City933,State933,10000
FirstName934,LastName934,Country934,Street934,City934,State934,10000
FirstName935,LastName935,Country935,Street935,City935,State935,10000
FirstName936,LastName936,Country936,Street936,City936,State936,10000
FirstName937,LastName937,Country937,Street937,City937,State937,10000
FirstName938,LastName938,Country938,Street938,City938,State938,10000
FirstName939,LastName939,Country939,Street939,City939,State939,10000
FirstName940,LastName940,Country940,Street940,City940,State940,10000
FirstName941,LastName941,Country941,Street941,City941,State941,10000
FirstName942,LastName942,Country942,Street942,City942,State942,10000
FirstName943,LastName943,Country943,Street943,City943,State943,10000
FirstName944,LastName944,Country944,Street944,City944,State944,10000
FirstName945,LastName945,Country945,Street945,City945,State945,10000
FirstName946,LastName946,Country946,Street946,City946,State946,10000
FirstName947,LastName947,Country947,Street947,City947,State947,10000
FirstName948,LastName948,Country948,Street948,City948,State948,10000
FirstName949,LastName949,Country949,Street949,City949,State949,10000
FirstName950,LastName950,Country950,Street950,City950,State950,10000
FirstName951,LastName951,Country951,Street951,City951,State951,10000
FirstName952,LastName952,Country952,Street952,City952,State952,10000
FirstName953,LastName953,Country953,Street953,City953,State953,10000
FirstName954,LastName954,Country954,Street954,City954,State954,10000
FirstName955,LastName955,Country955,Street955,City955,State955,10000
FirstName956,LastName956,Country956,Street956,City956,State956,10000
FirstName957,LastName957,Country957,Street957,City957,State957,10000
FirstName958,LastName958,Country958,Street958,City958,State958,10000
FirstName959,LastName959,Country959,Street959,City959,State959,10000
FirstName960,LastName960,Country960,Street960,City960,State960,10000
FirstName961,LastName961,Country961,Street961,City961,State961,10000
FirstName962,LastName962,Country962,Street962,City962,State962,10000
FirstName963,LastName963,Country963,Street963,City963,State963,10000
FirstName964,LastName964,Country964,Street964,City964,State964,10000
FirstName965,LastName965,Country965,Street965,City965,State965,10000
FirstName966,LastName966,Country966,Street966,City966,State966,10000
FirstName967,LastName967,Country967,Street967,City967,State967,10000
FirstName968,LastName968,Country968,Street968,City968,State968,10000
FirstName969,LastName969,Country969,Street969,City969,State969,10000
FirstName970,LastName970,Country970,Street970,City970,State970,10000
FirstName971,LastName971,Country971,Street971,City971,State971,10000
FirstName972,LastName972,Country972,Street972,City972,State972,10000
FirstName973,LastName973,Country973,Street973,City973,State973,10000
FirstName974,LastName974,Country974,Street974,City974,State974,10000
FirstName975,LastName975,Country975,Street975,City975,State975,10000
FirstName976,LastName976,Country976,Street976,City976,State976,10000
FirstName977,LastName977,Country977,Street977,City977,State977,10000
FirstName978,LastName978,Country978,Street978,City978,State978,10000
FirstName979,LastName979,Country979,Street979,City979,State979,10000
FirstName980,LastName980,Country980,Street980,City980,State980,10000
FirstName981,LastName981,Country981,Street981,City981,State981,10000
FirstName982,LastName982,Country982,Street982,City982,State982,10000
FirstName983,LastName983,Country983,Street983,City983,State983,10000
FirstName984,LastName984,Country984,Street984,City984,State984,10000
FirstName985,LastName985,Country985,Street985,City985,State985,10000
FirstName986,LastName986,Country986,Street986,City986,State986,10000
FirstName987,LastName987,Country987,Street987,City987,State987,10000
FirstName988,LastName988,Country988,Street988,City988,State988,10000
FirstName989,LastName989,Country989,Street989,City989,State989,10000
FirstName990,LastName990,Country990,Street990,City990,State990,10000
FirstName991,LastName991,Country991,Street991,City991,State991,10000
FirstName992,LastName992,Country992,Street992,City992,State992,10000
FirstName993,LastName993,Country993,Street993,City993,State993,10000
FirstName994,LastName994,Country994,Street994,City994,State994,10000
FirstName995,LastName995,Country995,Street995,City995,State995,10000
FirstName996,LastName996,Country996,Street996,City996,State996,10000
FirstName997,LastName997,Country997,Street997,City997,State997,10000
FirstName998,LastName998,Country998,Street998,City998,State998,10000
FirstName999,LastName999,Country999,Street999,City999,State999,10000